School Abbreviation,School Name,School Country,School State,School City 
,A.T. Still University of Health Sciences,USA,AZ,
,A.T. Still University of Health Sciences,USA,MO,
,Abilene Christian University,USA,TX,
,Abraham Baldwin Agricultural College,USA,GA,
,Academy of Art University,USA,CA,
,Academy of Oriental Medicine at Austin,USA,TX,
,Adams State College,USA,CO,
,Adelphi University,USA,NY,
,Adler School of Professional Psychology,USA,IL,
,Adrian College,USA,MI,
,Agnes Scott College,USA,GA,
,AIB College of Business,USA,IA,
,Air Force Institute of Technology,USA,OH,
,Air University,USA,AL,
,Alabama A&M University,USA,AL,
,Alabama State University,USA,AL,
,Alaska Bible College,USA,AK,
,Alaska Pacific University,USA,AK,
,Albany College of Pharmacy & Health Sciences,USA,NY,
,Albany Medical College,USA,NY,
,Albany State University,USA,GA,
,Albertus Magnus College,USA,CT,
,Albion College,USA,MI,
,Albright College,USA,PA,
,Alcorn State University,USA,MS,
,Alderson-Broaddus College,USA,WV,
,Alfred Adler Institute,USA,MN,
,Alfred University,USA,NY,
,Alice Lloyd College,USA,KY,
,Allegheny College,USA,PA,
,Allen College,USA,IA,
,Allen University,USA,SC,
,Alliant International University,USA,CA,
,Alma College,USA,MI,
,Alvernia University,USA,PA,
,Alverno College,USA,WI,
,Ambassador University,USA,TX,
,Amberton University,USA,TX,
,American College,USA,PA,
,American College of Education,USA,IL,
,American Conservatory Theater,USA,CA,
,American Film Institute,USA,CA,
,American Indian College of the Assemblies of God,USA,AZ,
,American InterContinental University,USA,IL,
,American International College,USA,MA,
,American Jewish University,USA,CA,
,American University,USA,DC,
,American University of Puerto Rico,USA,PR,
,Amherst College,USA,MA,
,Amridge University,USA,AL,
,Anderson University,USA,SC,
,Anderson University,USA,IN,
,Andover Newton Theological School,USA,MA,
,Andrews University,USA,MI,
,Angelo State University,USA,TX,
Anna U.,Anna Maria College,USA,MA,Paxton
,Antillean Adventist University,USA,PR,
,Antioch College,USA,OH,
,Antioch Universityƒ??Midwest,USA,OH,
,Antioch Universityƒ??New England,USA,NH,
,Antioch Universityƒ??Los Angeles,USA,CA,
,Antioch Universityƒ??Santa Barbara,USA,CA,
,Antioch Universityƒ??Seattle,USA,WA,
,Appalachian Bible College,USA,WV,
,Appalachian State University,USA,NC,
,Aquinas College,USA,MI,
,Aquinas College,USA,TN,
,Aquinas Institute of Theology,USA,MO,
,Arcadia University,USA,PA,
,Argosy University,USA,IL,
,Arizona State University,USA,AZ,
,Arizona State Universityƒ??Downtown Phoenix Campus,USA,AZ,
,Arizona Stateƒ??Polytechnic Campus,USA,AZ,
,Arizona State Universityƒ??West Campus,USA,AZ,
,Arkansas Baptist College,USA,AR,
,Arkansas State University,USA,AR,
,Arkansas Tech University,USA,AR,
,Arlington Baptist College,USA,TX,
,Armstrong Atlantic State University,USA,GA,
,Art Academy of Cincinnati,USA,OH,
,Art Center College of Design,USA,CA,
,Art Center Design College,USA,AZ,
,Art Institute of Atlanta,USA,GA,
,Art Institute of Colorado,USA,CO,
,Art Institute of Dallas,USA,TX,
,Art Institute of Houston,USA,TX,
,Art Institute of Pittsburgh,USA,PA,
,Art Institute of Portland,USA,OR,
,Art Institute of Seattle,USA,WA,
,Asbury Theological Seminary,USA,KY,
,Asbury University,USA,KY,
,Ashford University,USA,IA,
,Ashland University,USA,OH,
,Assemblies of God Theological Seminary,USA,MO,
,Associated Mennonite Biblical Seminary,USA,IN,
,Assumption College,USA,MA,
,Athens State University,USA,AL,
,Atlanta Christian College,USA,GA,
,Atlantic Union College,USA,MA,
,Auburn University,USA,AL,
,Auburn University at Montgomery,USA,AL,
,Augsburg College,USA,MN,
,Augusta State University,USA,GA,
,Augustana College,USA,IL,
,Augustana College,USA,SD,
,Aurora University,USA,IL,
,Austin College,USA,TX,
,Austin Graduate School of Theology,USA,TX,
,Austin Peay State University,USA,TN,
,Austin Presbyterian Theological Seminary,USA,TX,
,Ave Maria University,USA,FL,
,Averett College,USA,VA,
,Avila University,USA,MO,
,Azusa Pacific University,USA,CA,
,Daemen College,USA,NY,
,Dakota State University,USA,SD,
,Dakota Wesleyan University,USA,SD,
,Dallas Baptist University,USA,TX,
,Dallas Christian College,USA,TX,
,Dallas Theological Seminary,USA,TX,
,Dalton State College,USA,GA,
,Dana College,USA,NE,
,Daniel Webster College,USA,NH,
,Dartmouth College,USA,NH,
,Davenport University,USA,MI,
,Davidson College,USA,NC,
,Davis College,USA,NY,
,Davis & Elkins College,USA,WV,
,Daytona State College,USA,FL,
,Defiance College,USA,OH,
,Delaware State University,USA,DE,
,Delaware Valley College,USA,PA,
,Delta State University,USA,MS,
,Denison University,USA,OH,
,Denver Seminary,USA,CO,
,DePaul University,USA,IL,
,DePauw University,USA,IN,
,Des Moines Universityƒ??Osteopathic Medical Center,USA,IA,
,DeSales University,USA,PA,
,DeVry University,USA,IL,
,DeVry Universityƒ??Addison,USA,IL,
,DeVry Universityƒ??Chicago,USA,IL,
,DeVry Universityƒ??Crystal City,USA,VA,
,DeVry Universityƒ??Georgia,USA,GA,
,DeVry Universityƒ??Irving,USA,TX
,DeVry Universityƒ??Kansas City,USA,MO,
,DeVry Universityƒ??Long Beach,USA,CA,
,DeVry Universityƒ??Orlando,USA,FL,
,DeVry Universityƒ??Phoenix,USA,AZ,
,DeVry Universityƒ??Pomona,USA,CA,
,Dickinson College,USA,PA,
,Dickinson State University,USA,ND,
,Dillard University,USA,LA,
,Divine Word College,USA,IA,
,Dixie State College,USA,UT,
,Doane College,USA,NE,
,Dominican College,USA,NY,
,Dominican House of Studies,USA,DC,
,Dominican School of Philosophy & Theology,USA,CA,
,Dominican University,USA,IL,
,Dominican University of California,USA,CA,
,Donnelly College,USA,KS,
,Dordt College,USA,IA,
,Dowling College,USA,NY,
,Drake University,USA,IA,
,Drew University,USA,NJ,
Drexel U.,Drexel University,USA,PA,Philadelphia
,Drury University,USA,MO,
,Duke University,USA,NC,
,Dunwoody College of Technology,USA,MN,
,Duquesne University,USA,PA,
,D??Youville College,USA,NY,
,Earlham College,USA,IN,
,East Carolina University,USA,NC,
,East Central University,USA,OK,
,East Stroudsburg State University of Pennsylvania,USA,PA,
,East Tennessee State University,USA,TN,
,East Texas Baptist University,USA,TX,
,East-West University,USA,IL,
,Eastern University,USA,PA,
,Eastern Connecticut State University,USA,CT,
,Eastern Illinois University,USA,IL,
,Eastern Kentucky University,USA,KY,
,Eastern Mennonite University,USA,VA,
,Eastern Michigan University,USA,MI,
,Eastern Nazarene College,USA,MA,
,Eastern New Mexico University,USA,NM,
,Eastern Oregon University,USA,OR,
,Eastern Virginia Medical School,USA,VA,
,Eastern Washington University,USA,WA,
,Eckerd College,USA,FL,
,ECPI College of Technology,USA,VA,
,Eden Theological Seminary,USA,MO,
,Edgewood College,USA,WI,
,Edinboro University of Pennsylvania,USA,PA,
,Edison State College,USA,FL,
,Edward Waters College,USA,FL,
,Elizabeth City State University,USA,NC,
,Elizabethtown College,USA,PA,
,Ellis University,USA,IL,
,Elmhurst College,USA,IL,
,Elmira College,USA,NY,
,Elms College,USA,MA,
,Elon University,USA,NC,
,Embry-Riddle Aeronautical University,USA,AZ,
,Embry-Riddle Aeronautical University,USA,FL,
,Emerson College,USA,MA,
,Emmanuel College,USA,GA,
,Emmanuel College,USA,MA,
,Emmanuel School of Religion,USA,TN,
,Emmaus Bible College,USA,IA,
,Emporia State University,USA,KS,
,Emory & Henry College,USA,VA,
,Emory University,USA,GA,
,Endicott College,USA,MA,
,Erikson Institute,USA,IL,
,Erskine College,USA,SC,
,Escuela de Artes Pl?­sticas de Puerto Rico,USA,PR,
,Eureka College,USA,IL,
,Evangel University,USA,MO,
,Everglades University,USA,FL,
,Evergreen State College,USA,WA,
,Excelsior College,USA,NY,
,Fairfield University,USA,CT,
,Fairleigh Dickinson University,USA,NJ,
,Fairmont State University,USA,WV,
,Faith Baptist Bible College & Theological Seminary,USA,IA,
,Faulkner University,USA,AL,
,Fayetteville State University,USA,NC,
,Felician College,USA,NJ,
,Ferris State University,USA,MI,
,Ferrum College,USA,VA,
,Fielding Graduate University,USA,CA,
,Finlandia University,USA,MI,
,Fisher College,USA,MA,
,Fisk University,USA,TN,
,Fitchburg State College,USA,MA,
,Five Towns College,USA,NY,
,Flagler College,USA,FL,
,Florida Agricultural & Mechanical University,USA,FL,
Florida Atlantic U.,Florida Atlantic University,USA,FL,Boca Raton
,Florida Christian College,USA,FL,
,Florida College,USA,FL,
,Florida Gulf Coast University,USA,FL,
,Florida Hospital College of Health Sciences,USA,FL,
,Florida Institute of Technology,USA,FL,
,Florida International University,USA,FL,
,Florida Memorial University,USA,FL,
,Florida National College,USA,FL,
,Florida Southern College,USA,FL,
,Florida State College at Jacksonville,USA,FL,
,Florida State University,USA,FL,
,Fontbonne University,USA,MO,
,Fordham University,USA,NY,
,Forest Institute of Professional Psychology,USA,MO,
,Fort Hays State University,USA,KS,
,Fort Lewis College,USA,CO,
,Fort Valley State University,USA,GA,
,Framingham State College,USA,MA,
,Francis Marion University,USA,SC,
,Franciscan School of Theology,USA,CA,
,Franciscan University of Steubenville,USA,OH,
,Frank Lloyd Wright School of Architecture,USA,AZ,
,Franklin & Marshall College,USA,PA,
,Franklin College,USA,IN,
,Franklin Pierce University,USA,NH,
,Franklin University,USA,OH,
,Free Will Baptist Bible College,USA,TN,
,Freed-Hardeman University,USA,TN,
,Fresno Pacific University,USA,CA,
,Friends University,USA,KS,
,Frontier School of Midwifery & Family Nursing,USA,KY,
,Frostburg State University,USA,MD,
,Fuller Theological Seminary,USA,CA,
,Furman University,USA,SC,
,Gainesville State College,USA,GA,
,Gallaudet University,USA,DC,
,Gannon University,USA,PA,
,Gardner-Webb University,USA,NC,
,Garrett-Evangelical Theological Seminary,USA,IL,
,Geneva College,USA,PA,
,George Fox University,USA,OR,
,George Mason University,USA,VA,
,George Washington University,USA,DC,
,Georgetown College,USA,KY,
Georgetown U.,Georgetown University,USA,DC,Washington
,Georgia College & State University,USA,GA,
,Georgia Gwinnett College,USA,GA,
Georgia Inst. of Tech.,Georgia Institute of Technology,USA,GA,Atlanta
,Georgia Southern University,USA,GA,
,Georgia Southwestern State University,USA,GA,
,Georgia State University,USA,GA,
,Georgian Court College,USA,NJ,
,Gettysburg College,USA,PA,
,Glenville State College,USA,WV,
,Global University,USA,MO,
,Goddard College,USA,VT,
,Golden Gate University,USA,CA,
,Goldey-Beacom College,USA,DE,
,Goldfarb School of Nursing at Barnes-Jewish College,USA,MO,
,Gonzaga University,USA,WA,
,Goodwin College,USA,CT,
,Gordon College,USA,GA,
,Gordon College,USA,MA,
,Gordon-Conwell Theological Seminary,USA,MA,
,Goshen College,USA,IN,
,Goucher College,USA,MD,
,Governors State University,USA,IL,
,Grace Bible College,USA,MI,
,Grace College & Seminary,USA,IN,
,Grace University,USA,NE,
,Graceland University,USA,IA,
,Graduate Institute of Applied Linguistics,USA,TX,
,Graduate Theological Union,USA,CA,
,Grambling State University,USA,LA,
,Grand Canyon University,USA,AZ,
,Grand Valley State University,USA,MI,
,Grand View University,USA,IA,
,Granite State College,USA,NH,
,Gratz College,USA,PA,
,Great Basin College,USA,NV,
,Great Lakes Christian College,USA,MI,
,Green Mountain College,USA,VT,
,Greensboro College,USA,NC,
,Greenville College,USA,IL,
,Grinnell College,USA,IA,
,Grove City College,USA,PA,
,Guilford College,USA,NC,
,Gulf Coast Community College,USA,FL,
,Gustavus Adolphus College,USA,MN,
,Gwynedd Mercy College,USA,PA,
,Idaho State University,USA,ID,
,Iliff School of Theology,USA,CO,
,Illinois College,USA,IL,
,Illinois College of Optometry,USA,IL,
,Illinois Institute of Artƒ??Chicago,USA,IL,
,Illinois Institute of Artƒ??Schaumburg,USA,IL,
,Illinois Institute of Technology,USA,IL,
,Illinois State University,USA,IL,
,Illinois Wesleyan University,USA,IL,
,Immaculata College,USA,PA,
,Indian River State College,USA,FL,
,Indiana Institute of Technology,USA,IN,
,Indiana State University,USA,IN,
,Indiana Universityƒ??Bloomington,USA,IN,
,Indiana Universityƒ??East,USA,IN,
,Indiana Universityƒ??Kokomo,USA,IN,
,Indiana Universityƒ??Northwest,USA,IN,
,Indiana Universityƒ??South Bend,USA,IN,
,Indiana Universityƒ??Southeast,USA,IN,
,Indiana University System,USA,IN,
,Indiana University/Purdue University at Columbus,USA,IN,
,Indiana University/Purdue University at Fort Wayne,USA,IN,
,Indiana University/Purdue University at Indianapolis,USA,IN,
,Indiana University of Pennsylvania,USA,PA,
,Indiana Wesleyan University,USA,IN,
,Institute for Clinical Social Work,USA,IL,
,Institute for the Psychological Sciences,USA,VA,
,Institute of American Indian Arts,USA,NM,
,Institute of Textile Technology,USA,VA,
,Institute of Transpersonal Psychology,USA,CA,
,Institute of World Politics,USA,DC,
,Interdenominational Theological Center,USA,GA,
,Iona College,USA,NY,
,Iowa State University,USA,IA,
,Iowa Wesleyan College,USA,IA,
,Ithaca College,USA,NY,
,Jackson State University,USA,MS,
,Jacksonville University,USA,FL,
,Jacksonville State University,USA,AL,
,James Madison University,USA,VA,
,Jamestown College,USA,ND,
,Jarvis Christian College,USA,TX,
,Jefferson College of Health Sciences,USA,VA,
,Jesuit School of Theology at Berkeley,USA,CA,
,The Jewish Theological Seminary of America,USA,NY,
,John Brown University,USA,AR,
,John Carroll University,USA,OH,
,John F. Kennedy University,USA,CA,
,John Marshall Law School,USA,IL,
,Johns Hopkins University,USA,MD,
,Johnson Bible College,USA,TN,
,Johnson C. Smith University,USA,NC,
,Johnson State College,USA,VT,
,Johnson & Wales University,USA,RI,
,Jones International University,USA,CO,
,Judson College,USA,AL,
,Judson University,USA,IL,
,The Juilliard School,USA,NY,
,Juniata College,USA,PA,
,La Roche College,USA,PA,
,La Sierra University,USA,CA,
,Laboratory Institute of Merchandising,USA,NY,
,LaGrange College,USA,GA,
,Lafayette College,USA,PA,
,Lake Erie College,USA,OH,
,Lake Erie College of Osteopathic Medicine,USA,PA,
,Lake Forest College,USA,IL,
,Lake Forest Graduate School of Management,USA,IL,
,Lake Superior State University,USA,MI,
,Lakeland College,USA,WI,
,Lakeview College of Nursing,USA,IL,
,Lamar University,USA,TX,
,Lambuth University,USA,TN,
,Lancaster Bible College,USA,PA,
,Lander University,USA,SC,
,Lane College,USA,TN,
,Langston University,USA,OK,
,LaSalle University,USA,PA,
,Lasell College,USA,MA,
,Lawrence Technological University,USA,MI,
,Lawrence University,USA,WI,
,Le Moyne College,USA,NY,
,Lebanon Valley College,USA,PA,
,Lee University,USA,TN,
,Lees-McRae College,USA,NC,
,Lehigh University,USA,PA,
,LeMoyne-Owen College,USA,TN,
,Lenoir-Rhyne University,USA,NC,
,Lesley University,USA,MA,
,LeTourneau University,USA,TX,
,Lewis & Clark College,USA,OR,
,Lewis-Clark State College,USA,ID,
,Lewis University,USA,IL,
,Lexington College,USA,IL,
,Liberty University,USA,VA,
,Life Pacific College,USA,CA,
,Life University,USA,GA,
,Limestone College,USA,SC,
,Lincoln Christian University,USA,IL,
,Lincoln College,USA,IL,
,Lincoln College of New England,USA,CT,
,Lincoln Memorial University,USA,TN,
,Lincoln University,USA,CA,
,Lincoln University,USA,MO,
,Lincoln University,USA,PA,
,Lindenwood University,USA,MO,
,Lindsey Wilson College,USA,KY,
,Linfield College,USA,OR,
,Lipscomb University,USA,TN,
,Livingstone College,USA,NC,
,Lock Haven University of Pennsylvania,USA,PA,
,Logan University,USA,MO,
,Loma Linda University,USA,CA,
,Long Island University,USA,NY,
,Long Island Universityƒ??Arnold & Marie Schwartz College of Pharmacy & Health Sciences,,,
,Long Island Universityƒ??Brentwood Campus,,,
,Long Island Universityƒ??Brooklyn Campus,,,
,Long Island Universityƒ??C.W. Post Campus,,,
,Long Island University at Riverhead,,,
,Long Island Universityƒ??Rockland Graduate Campus,,,
,Long Island Universityƒ??Westchester Graduate Campus,,,
,Longwood University,USA,VA,
,Loras College,USA,IA,
,Louisburg College,USA,NC,
,Louisiana College,USA,LA,
,Louisiana State University,USA,LA,
,Louisiana State Universityƒ??Alexandria,USA,LA,
,Louisiana State Universityƒ??Law Center,,,
,Louisiana State University Health Sciences Centerƒ??New Orleans,USA,LA,
,Louisiana State University Health Sciences Centerƒ??Shreveport,,,
,Louisiana State Universityƒ??Shreveport,USA,LA,
,Louisiana State University System,USA,LA,
,Louisiana Tech University,USA,LA,
,Louisville Presbyterian Theological Seminary,USA,KY,
,Lourdes College,USA,OH,
,Loyola University Maryland,USA,MD,
Loyola Marymount U.,Loyola Marymount University,USA,CA,Los Angeles
,Loyola University Chicago,USA,IL,
,Loyola University New Orleans,USA,LA,
,Lubbock Christian University,USA,TX,
,Luther College,USA,IA,
,Luther Seminary,USA,MN,
,Lutheran School of Theology at Chicago,USA,IL,
,Lycoming College,USA,PA,
,Lyme Academy College of Fine Arts,USA,CT,
,Lynchburg College,USA,VA,
,Lyndon State College,USA,VT,
,Lynn University,USA,FL,
,Lyon College,USA,AR,
,Naropa University,USA,CO,
,National American University,USA,SD,
,National College of Natural Medicine,USA,OR,
,National Defense Intelligence College,USA,DC,
,National Defense University,USA,DC,
,National Hispanic University,USA,CA,
,National Labor College,USA,MD,
,National-Louis University,USA,IL,
,National Theatre Conservatory,USA,CO,
,National University,USA,CA,
,National University of Health Sciences,USA,IL,
,Naval Postgraduate School,USA,CA,
,Nazarene Bible College,USA,CO,
,Nazareth College,USA,NY,
,Nebraska Christian College,USA,NE,
,Nebraska Methodist College,USA,NE,
,Nebraska Wesleyan University,USA,NE,
,Neumann College,USA,PA,
,New College of Florida,USA,FL,
,New England College,USA,NH,
,New England College of Optometry,USA,MA,
,New England Conservatory of Music,USA,MA,
,New England Institute of Technology,USA,RI,
,New Hope Christian College,USA,OR,
,New Jersey City University,USA,NJ,
,New Jersey Institute of Technology,USA,NJ,
,New Mexico Highlands University,USA,NM,
New Mexico Inst. Of Mining,New Mexico Institute of Mining & Technology,USA,NM,Socorro
,New Mexico State University,USA,NM,
,New Orleans Baptist Theological Seminary,USA,LA,
,The New School,USA,NY,
,New York Chiropractic College,USA,NY,
,New York College of Podiatric Medicine,USA,NY,
,New York Institute of Technology,USA,NY,
,New York Medical College,USA,NY,
New York U.,New York University,USA,NY,New York
,Newberry College,USA,SC,
,Newbury College,USA,MA,
,Newman University,USA,KS,
,Niagara University,USA,NY,
,Nichols College,USA,MA,
,Nicholls State University,USA,LA,
,Norfolk State University,USA,VA,
,North Carolina A&T State University,USA,NC,
,North Carolina Central University,USA,NC,
,North Carolina Wesleyan College,USA,NC,
,North Central University,USA,MN,
,North Central College,USA,IL,
,North Carolina State University,USA,NC,
,North Dakota State University,USA,ND,
,North Georgia College & State University,USA,GA,
,North Greenville University,USA,SC,
,North Park University,USA,IL,
,Northcentral University,USA,AZ,
,Northeastern Illinois University,USA,IL,
,Northeastern Ohio Universities College of Medicine,USA,OH,
,Northeastern State University,USA,OK,
,Northeastern State Universityƒ??Broken Arrow,USA,OK,
,Northeastern State Universityƒ??Muskogee,USA,OK,
Northeastern U.,Northeastern University,USA,MA,Boston
,Northern Arizona University,USA,AZ,
,Northern Baptist Theological Seminary,USA,IL,
,Northern Illinois University,USA,IL,
,Northern Kentucky University,USA,KY,
,Northern Michigan University,USA,MI,
,Northern New Mexico College,USA,NM,
,Northern State University,USA,SD,
,Northland College,USA,WI,
,Northwest Christian University,USA,OR,
,Northwest Florida State College,USA,FL,
,Northwest Missouri State University,USA,MO,
,Northwest Nazarene University,USA,ID,
,Northwest University,USA,WA,
,Northwestern College,USA,MN,
,Northwestern College,USA,IA,
,Northwestern Health Sciences University,USA,MN,
,Northwestern Oklahoma State University,USA,OK,
,Northwestern State University of Louisiana,USA,LA,
,Northwestern University,USA,IL,
,Northwood University,USA,FL,
,Northwood University,USA,MI,
,Northwood University,USA,TX,
,Norwich University,USA,VT,
,Notre Dame College,USA,OH,
,Notre Dame de Namur University,USA,CA,
,Notre Dame Seminary,USA,LA,
,Nova Southeastern University,USA,FL,
,Nyack College,USA,NY,
,Pace University,USA,NY,
,Pacific Lutheran University,USA,WA,
,Pacific Northwest College of Art,USA,OR,
,Pacific Oaks College,USA,CA,
,Pacific Union College,USA,CA,
,Pacific University,USA,OR,
,Pacifica Graduate Institute,USA,CA,
,Paine College,USA,GA,
,Palm Beach Atlantic University,USA,FL,
,Palm Beach State College,USA,FL,
,Palmer College of Chiropractic,USA,IA,
,Pardee RAND Graduate School,USA,CA,
,Park University,USA,MO,
,Parker College of Chiropractic,USA,TX,
,Patten College,USA,CA,
,Paul Quinn College,USA,TX,
,Paul Smith's College,USA,NY,
,Peace College,USA,NC,
,Peirce College,USA,PA,
,Pennsylvania College of Art & Design,USA,PA,
,Pennsylvania College of Technology,USA,PA,
Pennsylvania State U.,Pennsylvania State University,USA,PA,University Park
,Pennsylvania State Universityƒ??Abington,USA,PA,
,Pennsylvania State Universityƒ??Altoona,USA,PA,
,Pennsylvania State Universityƒ??Beaver,USA,PA,
,Pennsylvania State Universityƒ??Berks,USA,PA,
,Pennsylvania State Universityƒ??Brandywine,USA,PA,
,Pennsylvania State Universityƒ??Dickinson School of Law,USA,PA,
,Pennsylvania State Universityƒ??DuBois,USA,PA,
,Pennsylvania State Universityƒ??Erie; The Behrend College,USA,PA
,Pennsylvania State Universityƒ??Fayette; The Eberly Campus,USA,PA
,Pennsylvania State Universityƒ??Great Valley School of Graduate Professional Studies,USA,PA,
,Pennsylvania State Universityƒ??Greater Allegheny,USA,PA,
,Pennsylvania State Universityƒ??Harrisburg,USA,PA,
,Pennsylvania State Universityƒ??Hazleton,USA,PA,
,Pennsylvania State Universityƒ??Lehigh Valley,USA,PA,
,Pennsylvania State Universityƒ??Milton S. Hershey Medical Center,USA,PA,
,Pennsylvania State Universityƒ??Mont Alto,USA,PA,
,Pennsylvania State Universityƒ??New Kensington,USA,PA,
,Pennsylvania State Universityƒ??Schuylkill,USA,PA,
,Pennsylvania State Universityƒ??Shenango,USA,PA,
,Pennsylvania State Universityƒ??Wilkes-Barre,USA,PA,
,Pennsylvania State Universityƒ??Worthington Scranton,USA,PA,
,Pennsylvania State Universityƒ??York,USA,PA,
,Pensacola State College,USA,FL,
,Pentecostal Theological Seminary,USA,TN,
Pepperdine U.,Pepperdine University,USA,CA,Malibu
,Peru State College,USA,NE,
,Pfeiffer University,USA,NC,
,Philadelphia Biblical University,USA,PA,
,Philadelphia College of Textiles & Science,USA,PA,
,Philander Smith College,USA,AR,
,Phillips Theological Seminary,USA,OK,
,Phillips University,USA,OK,
,Piedmont Baptist College,USA,NC,
,Piedmont College,USA,GA,
,Pikeville College,USA,KY,
,Pine Manor College,USA,MA,
,Pittsburg State University,USA,KS,
,Pittsburgh Theological Seminary,USA,PA,
,Platt College,USA,MO,
,Plymouth State University,USA,NH,
,Point Loma Nazarene University,USA,CA,
,Point Park University,USA,PA,
,Polk State College,USA,FL,
,Polytechnic University of New York,USA,NY,
,Polytechnic University of Puerto Rico,USA,PR,
,Ponce School of Medicine,USA,PR,
,Pontificia Universidad Cat??lica de Puerto Rico,USA,PR,
,Portland State University,USA,OR,
,Post University,USA,CT,
,Potomac College,USA,DC,
,Prairie View A&M University,USA,TX,
,Pratt Institute,USA,NY,
,Prescott College,USA,AZ,
,Presentation College,USA,SD,
,Princeton University,USA,NJ,
,Principia College,USA,IL,
,Presbyterian College,USA,SC,
,Providence College,USA,RI,
Purdue U.,Purdue University,USA,IN,West Lafayette
,Purdue Universityƒ??Calumet,USA,IN,
,Purdue Universityƒ??North Central,USA,IN,
,Purdue University College of Technologyƒ??Anderson/Muncie,USA,IN,
,Purdue University College of Technologyƒ??Columbus/Greensburg,USA,IN,
,Purdue University College of Technologyƒ??Indianapolis,USA,IN,
,Purdue University College of Technologyƒ??Kokomo,USA,IN,
,Purdue University College of Technologyƒ??Lafayette,USA,IN,
,Purdue University College of Technologyƒ??New Albany,USA,IN,
,Purdue University College of Technologyƒ??Richmond,USA,IN,
,Purdue University College of Technologyƒ??South Bend/Elkhart,USA,IN,
,Sacred Heart Major Seminary,USA,MI,
,Sacred Heart University,USA,CT,
,The Sage Colleges,USA,NY,
,Saginaw Valley State University,USA,MI,
,Saint Ambrose University,USA,IA,
,Saint Andrews Presbyterian College,USA,NC,
,Saint Anselm College,USA,NH,
,Saint Anthony College of Nursing,USA,IL,
,Saint Augustine College,USA,IL,
,Saint Augustine's College,USA,NC,
,Saint Bonaventure University,USA,NY,
,Saint Catharine College,USA,KY,
,Saint Cloud State University,USA,MN,
,Saint Edward's University,USA,TX,
,Saint Francis College,USA,NY,
,Saint Francis Medical Center College of Nursing,USA,IL,
,Saint Francis University,USA,PA,
,Saint Gregory's University,USA,OK,
,Saint John Fisher College,USA,NY,
,Saint John Vianney College Seminary,USA,FL,
,Saint John's Collegeƒ??Annapolis,USA,MD,
,Saint John's Collegeƒ??Santa Fe,USA,NM,
,Saint John's College,USA,IL,
,Saint John's University,USA,MN,
,Saint John's University,USA,NY,
,Saint Johns River State College,USA,FL,
,Saint Joseph College,USA,CT,
,Saint Joseph Seminary College,USA,LA,
,Saint Joseph's College,USA,IN,
,Saint Joseph's College,USA,ME,
,Saint Joseph's College,USA,NY,
,Saint Joseph's University,USA,PA,
,Saint Lawrence University,USA,NY,
,Saint Leo University,USA,FL,
,Saint Louis College of Pharmacy,USA,MO,
,Saint Louis University,USA,MO,
,Saint Luke's College of Health Sciences,USA,MO,
,Saint Martin's University,USA,WA,
,Saint Mary-of-the-Woods College,USA,IN,
,Saint Mary's College,USA,IN,
,Saint Mary's College of California,USA,CA,
,Saint Mary's College of Maryland,USA,MD,
,Saint Mary's Seminary & University,USA,MD,
,Saint Mary's University of Minnesota,USA,MN,
,Saint Mary's University of San Antonio,USA,TX,
,Saint Meinrad Seminary & School of Theology,USA,IN,
,Saint Michael's College,USA,VT,
,Saint Norbert College,USA,WI,
,Saint Olaf College,USA,MN,
,Saint Paul School of Theology,USA,MO,
,Saint Paul's College,USA,VA,
,Saint Peter's College,USA,NJ,
,Saint Petersburg College,USA,FL,
,Saint Thomas Aquinas College,USA,NY,
,Saint Thomas University,USA,FL,
,Saint Vincent College,USA,PA,
,Saint Vincent de Paul Regional Seminary,USA,FL,
,Saint Vincent's College,USA,CT,
,Saint Xavier University,USA,IL,
,Salem College,USA,NC,
,Salem International University,USA,WV,
,Salem State College,USA,MA,
,Salisbury University,USA,MD,
,Salish Kootenai College,USA,MT,
,Salus University,USA,PA,
,Salve Regina University,USA,RI,
,Sam Houston State University,USA,TX,
,Samford University,USA,AL,
,Samuel Merritt College,USA,CA,
,San Diego Christian College,USA,CA,
,San Diego State University,USA,CA,
,San Francisco Art Institute,USA,CA,
,San Francisco State University,USA,CA,
,San Jos?? State University,USA,CA,
,Santa Clara University,USA,CA,
,Santa Fe College,USA,FL,
,Santa Fe University of Art & Design,USA,NM,
,Sarah Lawrence College,USA,NY,
,Savannah College of Art & Design,USA,GA,
,Savannah State University,USA,GA,
,Saybrook University,USA,CA,
,School for International Training,USA,VT,
,School of the Art Institute of Chicago,USA,IL,
,School of Visual Arts,USA,NY,
,Schreiner University,USA,TX,
,Seabury-Western Theological Seminary,USA,IL,
,Seattle Pacific University,USA,WA,
,Seattle University,USA,WA,
,Seminario Evang??lico de Puerto Rico,USA,PR,
,Seminary of the Southwest,USA,TX,
,Seminole State College of Florida,USA,FL,
,Seton Hall University,USA,NJ,
,Seton Hill College,USA,PA,
,Shaw University,USA,NC,
,Shawnee State University,USA,OH,
,Shenandoah University,USA,VA,
,Shepherd University,USA,WV,
,Sherman College of Chiropractic,USA,SC,
,Shimer College,USA,IL,
,Shippensburg University of Pennsylvania,USA,PA,
,Shorter College,USA,GA,
,Siegal College of Judaic Studies,USA,OH,
,Siena College,USA,NY,
,Siena Heights University,USA,MI,
,Sierra Nevada College,USA,NV,
,Silver Lake College,USA,WI,
,Simmons College,USA,MA,
,Simon's Rock College,USA,MA,
,Sinte Gleska University,USA,SD,
,Simpson University,USA,CA,
,Simpson College,USA,IA,
,Sioux Falls Seminary,USA,SD,
,Sistema Universitario Ana G. M??ndez,USA,PR,
,Sistema Universitario Ana G. M??ndez Universidad del Este,USA,PR,
,Sistema Universitario Ana G. M??ndez Universidad Metropolitana,USA,PR,
,Sistema Universitario Ana G. M??ndez Universidad del Turabo,USA,PR,
,Skidmore College,USA,NY,
,Slippery Rock University of Pennsylvania,USA,PA,
,Smith College,USA,MA,
,Soka University of America,USA,CA,
,Sonoma State University,USA,CA,
,Soujourner-Douglass College,USA,MD,
,South Carolina State University,USA,SC,
,South College,USA,TN,
,South Dakota School of Mines & Technology,USA,SD,
,South Dakota State University,USA,SD,
,South Florida Bible College & Theological Seminary,USA,FL,
,South Texas College of Law,USA,TX,
,South University,USA,GA,
,Southeast Missouri State University,USA,MO,
,Southeastern Baptist Theological Seminary,USA,NC,
,Southeastern Bible College,USA,AL,
,Southeastern University,USA,FL,
,Southeastern Louisiana University,USA,LA,
,Southeastern Oklahoma State University,USA,OK,
,Southern Arkansas University,USA,AR,
,Southern Baptist Theological Seminary,USA,KY,
,Southern California College of Optometry,USA,CA,
,Southern California Institute of Architecture,USA,CA,
,Southern California University of Health Sciences,USA,CA,
,Southern College,USA,TN,
,Southern College of Optometry,USA,TN,
,Southern Connecticut State University,USA,CT,
,Southern Illinois Universityƒ??Carbondale,USA,IL,
,Southern Illinois Universityƒ??Edwardsville,USA,IL,
,Southern Illinois University System,USA,IL,
,Southern Methodist University,USA,TX,
,Southern Nazarene University,USA,OK,
,Southern New Hampshire University,USA,NH,
,Southern Oregon University,USA,OR,
,Southern Polytechnic State University,USA,GA,
,Southern University and A&M College at Baton Rouge,USA,LA,
,Southern University at New Orleans,USA,LA,
,Southern University at Shreveport,USA,LA,
,Southern University System,USA,LA,
,Southern Utah University,USA,UT,
,Southern Vermont College,USA,VT,
,Southern Adventist University,USA,TN,
,Southern Wesleyan University,USA,SC,
,Southwest Baptist University,USA,MO,
,Southwest College of Naturopathic Medicine & Health Sciences,USA,AZ,
,Southwest Minnesota State University,USA,MN,
,Southwestern Adventist University,USA,TX,
,Southwestern Assemblies of God University,USA,TX,
,Southwestern Baptist Theological Seminary,USA,TX,
,Southwestern Christian College,USA,TX,
,Southwestern Christian University,USA,OK,
,Southwestern College,USA,AZ,
,Southwestern College,USA,KS,
,Southwestern College,USA,NM,
,Southwestern Oklahoma State University,USA,OK,
,Southwestern University,USA,TX,
,Southwestern University School of Law,USA,CA,
,Spalding University,USA,KY,
,Spelman College,USA,GA,
,Spertus Institute of Jewish Studies,USA,IL,
,Spring Arbor University,USA,MI,
,Spring Hill College,USA,AL,
,Springfield College,USA,MA,
Stanford U.,Stanford University,USA,CA,Stanford
,State College of Florida Manatee-Sarasota,USA,FL
,State University of New York System,USA,NY,
,State University of New York System Albany,USA,NY,
,State University of New York System Binghamton,USA,NY,
,State University of New York System Buffalo,USA,NY,
,State University of New York System Stony Brook,USA,NY,
,State University of New York System College at Brockport,USA,NY,
,State University of New York System College at Buffalo,USA,NY,
,State University of New York System College at Cortland,USA,NY,
,State University of New York System College at Fredonia,USA,NY,
,State University of New York System College at Geneseo,USA,NY,
,State University of New York System College at New Paltz,USA,NY,
,State University of New York System College at Old Westbury,USA,NY,
,State University of New York System College at Oneonta,USA,NY,
,State University of New York System College at Oswego,USA,NY,
,State University of New York System College at Plattsburgh,USA,NY,
,State University of New York System College at Potsdam,USA,NY,
,State University of New York System College at Purchase,USA,NY,
,State University of New York System College of Agriculture & Technology at Cobleskill,USA,NY,
,State University of New York System College of Agriculture & Technology at Morrisville,USA,NY,
,State University of New York System College of Environmental Science & Forestry,USA,NY,
,State University of New York System College of Optometry,USA,NY,
,State University of New York System College of Technology at Alfred,USA,NY,
,State University of New York System College of Technology at Canton,USA,NY,
,State University of New York System College of Technology at Delhi,USA,NY,
,State University of New York System Downstate Medical Center,USA,NY,
,State University of New York System Empire State College,USA,NY,
,State University of New York System Farmingdale State College,USA,NY,
,State University of New York System Fashion Institute of Technology,USA,NY,
,State University of New York System Institute of Technology at Utica/Rome,USA,NY,
,State University of New York System Maritime College at Fort Schuyler,USA,NY,
,State University of New York System Upstate Medical University,USA,NY,
,Stephen F. Austin State University,USA,TX,
,Stephens College,USA,MO,
,Sterling College,USA,KS,
,Sterling College,USA,VT,
,Stetson University,USA,FL,
,Stevens Institute of Technology,USA,NJ,
,Stevenson University,USA,MD,
,Stillman College,USA,AL,
,Stonehill College,USA,MA,
,Strayer University,USA,DC,
,Suffolk University,USA,MA,
,Sul Ross State University,USA,TX,
,Sullivan University,USA,KY,
,Susquehanna University,USA,PA,
,Swarthmore College,USA,PA,
,Sweet Briar College,USA,VA,
,Syracuse University,USA,NY,
,University of the Pacific,USA,CA,
,University of Pennsylvania,USA,PA,
,University of Phoenix,USA,AZ,
,University of Pittsburgh,USA,PA,
,University of Pittsburghƒ??Bradford,USA,PA,
,University of Pittsburghƒ??Greensburg,USA,PA,
,University of Pittsburghƒ??Johnstown,USA,PA,
,University of Portland,USA,OR,
,University of Puerto Ricoƒ??Aguadilla,USA,PR,
,University of Puerto Ricoƒ??Arecibo,USA,PR,
,University of Puerto Ricoƒ??Bayam??n,USA,PR,
,University of Puerto Ricoƒ??Carolina,USA,PR,
,University of Puerto Ricoƒ??Cayey,USA,PR,
,University of Puerto Ricoƒ??Ciencias M??dicas,USA,PR,
,University of Puerto Ricoƒ??Humacao,USA,PR,
U. Puerto Rico; Mayaguez,University of Puerto Rico Mayaguez,USA,PR,Mayaguez
,University of Puerto Ricoƒ??Ponce,USA,PR,
,University of Puerto Ricoƒ??R??o Piedras,USA,PR,
,University of Puerto Rico System,USA,PR,
,University of Puerto Ricoƒ??Utuado,USA,PR,
,University of Puget Sound,USA,WA,
,University of Redlands,USA,CA,
,University of Rhode Island,USA,RI,
,University of Richmond,USA,VA,
,University of Rio Grande,USA,OH,
,University of Rochester,USA,NY,
,University of the Rockies,USA,CO,
,University of Saint Francis,USA,IL,
,University of Saint Francis,USA,IN,
,University of Saint Mary,USA,KS,
,University of San Diego,USA,CA,
,University of San Francisco,USA,CA,
,University of Science & Arts of Oklahoma,USA,OK,
,University of the Sciences in Philadelphia,USA,PA,
,University of Scranton,USA,PA,
,University of Sioux Falls,USA,SD,
USC,University of Southern California,USA,CA,Los Angeles
,University of Southern Maine,USA,ME,
,University of Southern Nevada,USA,NV,
,University of South Carolina,USA,SC,
,University of South Carolinaƒ??Aiken,USA,SC,
,University of South Carolinaƒ??Beaufort,USA,SC,
,University of South Carolina System,USA,SC,
,University of South Carolinaƒ??Upstate,USA,SC,
,University of South Dakota,USA,SD,
,University of South Florida,USA,FL,
,University of South Floridaƒ??Saint Petersburg,USA,FL,
,University of Southern Mississippi,USA,MS,
,University of Saint Thomas,USA,TX,
,University of Saint Thomas,USA,MN,
,University of South Alabama,USA,AL,
,University of Southern Indiana,USA,IN,
,University of Tampa,USA,FL,
,University of Tennessee,USA,TN,
,University of Tennesseeƒ??Chattanooga,USA,TN,
,University of Tennessee Health Science Center,USA,TN,
,University of Tennesseeƒ??Martin,USA,TN,
,University of Tennessee System,USA,TN,
,University of Texasƒ??Arlington,USA,TX,
,University of Texasƒ??Austin,USA,TX,
,University of Texasƒ??Brownsville,USA,TX,
,University of Texasƒ??Dallas,USA,TX,
,University of Texasƒ??El Paso,USA,TX,
,University of Texas Health Science Center at Houston,USA,TX,
,University of Texas Health Science Center at San Antonio,USA,TX,
,University of Texas Health Science Center at Tyler,USA,TX,
,University of Texas M.D. Anderson Cancer Center,USA,TX,
,University of Texas Medical Branch at Galveston,USA,TX,
,University of Texasƒ??Pan American,USA,TX,
,University of Texas of the Permian Basin,USA,TX,
,University of Texasƒ??San Antonio,USA,TX,
,University of Texas Southwestern Medical Center at Dallas,USA,TX,
,University of Texas System,USA,TX,
,University of Texasƒ??Tyler,USA,TX,
,University of the Arts,USA,PA,
,University of the Cumberlands,USA,KY,
,University of the Incarnate Word,USA,TX,
,University of the South,USA,TN,
,University of the Southwest,USA,NM,
,University of Toledo,USA,OH,
,University of Toledo Health Science Campus,USA,OH,
,University of Tulsa,USA,OK,
,University of Utah,USA,UT,
,University of Vermont,USA,VT,
,University of the Virgin Islands,USA,VI,
,University of Virginia,USA,VA,
,University of Virginia's College at Wise,USA,VA,
U. of Washington,University of Washington,USA,WA,Seattle
,University of Washingtonƒ??Bothell,USA,WA,
,University of Washingtonƒ??Tacoma,USA,WA,
,University of West Alabama,USA,AL,
,University of West Florida,USA,FL,
,University of West Georgia,USA,GA,
,University of the West,USA,CA,
,University of Wisconsinƒ??Eau Claire,USA,WI,
,University of Wisconsinƒ??Green Bay,USA,WI,
,University of Wisconsinƒ??LaCrosse,USA,WI,
,University of Wisconsinƒ??Madison,USA,WI,
,University of Wisconsinƒ??Milwaukee,USA,WI,
,University of Wisconsinƒ??Oshkosh,USA,WI,
,University of Wisconsinƒ??Parkside,USA,WI,
,University of Wisconsinƒ??Platteville,USA,WI,
,University of Wisconsinƒ??River Falls,USA,WI,
,University of Wisconsinƒ??Stevens Point,USA,WI,
,University of Wisconsinƒ??Stout,USA,WI,
,University of Wisconsinƒ??Superior,USA,WI,
,University of Wisconsin System,USA,WI,
,University of Wisconsinƒ??Whitewater,USA,WI,
,University of Wyoming,USA,WY,
,Xavier University,USA,OH,
,Xavier University of Louisiana,USA,LA,
,Yale University,USA,CT,
,Yeshiva University,USA,NY,
,York College,USA,NE,
,York College of Pennsylvania,USA,PA,
,Young Harris College,USA,GA,
,Youngstown State University,USA,OH,
,Babson College,USA,MA,
,Bacone College,USA,OK,
,Baldwin-Wallace College,USA,OH,
,Ball State University,USA,IN,
,Baltimore International College,USA,MD,
,Baker College,USA,MI,
,Baker University,USA,KS,
,Bank Street College of Education,USA,NY,
,Baptist Bible College,USA,MO,
,Baptist Bible College,USA,PA,
,The Baptist College of Florida,USA,FL,
,Baptist Memorial College of Health Sciences,USA,TN,
,Baptist Missionary Association Theological Seminary,USA,TX,
,Bard College,USA,NY,
,Barnard College,USA,NY,
,Barry University,USA,FL,
,Barton College,USA,NC,
,Bastyr University,USA,WA,
,Bates College,USA,ME,
,Bauder College,USA,GA,
,Bay Path College,USA,MA,
,Baylor College of Medicine,USA,TX,
,Baylor University,USA,TX,
,Beacon College,USA,FL,
,Becker College,USA,MA,
,Belhaven College,USA,MS,
,Bellarmine University,USA,KY,
,Bellevue University,USA,NE,
,Belmont University,USA,TN,
,Belmont Abbey College,USA,NC,
,Beloit College,USA,WI,
,Bemidji State University,USA,MN,
,Benedict College,USA,SC,
,Benedictine College,USA,KS,
,Benedictine University,USA,IL,
,Benjamin Franklin Institute of Technology,USA,MA,
,Bennett College,USA,NC,
,Bennington College,USA,VT,
,Bentley College,USA,MA,
,Berea College,USA,KY,
,Berkeley College,USA,NJ,
,Berklee College of Music,USA,MA,
,Berry College,USA,GA,
,Bethany University,USA,CA,
,Bethany College,USA,KS,
,Bethany College,USA,WV,
,Bethany Lutheran College,USA,MN,
,Bethany Theological Seminary,USA,IN,
,Bethel College,USA,IN,
,Bethel College,USA,KS,
,Bethel University & Seminary,USA,MN,
,Bethel University,USA,TN,
,Bethesda Christian University,USA,CA,
,Bethune-Cookman University,USA,FL,
,Biblical Theological Seminary,USA,PA,
,Biola University,USA,CA,
,Birmingham-Southern College,USA,AL,
,Black Hills State University,USA,SD,
,Blackburn College,USA,IL,
,Blessing-Rieman College of Nursing,USA,IL,
,Bloomfield College,USA,NJ,
,Bloomsburg University of Pennsylvania,USA,PA,
,Blue Mountain College,USA,MS,
,Bluefield College,USA,VA,
,Bluefield State College,USA,WV,
,Bluffton University,USA,OH,
,Boise State University,USA,ID,
,Boricua College,USA,NY,
,Boston Architectural College,USA,MA,
,Boston College,USA,MA,
,Boston Conservatory,USA,MA,
,Boston Graduate School of Psychoanalysis,USA,MA,
,Boston University,USA,MA,
,Bowdoin College,USA,ME,
,Bowie State University,USA,MD,
,Bowling Green State University,USA,OH,
,Bradley University,USA,IL,
,Brandeis University,USA,MA,
,Brandman University,USA,CA,
,Brenau University,USA,GA,
,Brescia University,USA,KY,
,Brevard College,USA,NC,
,Brewton-Parker College,USA,GA,
,Briar Cliff University,USA,IA,
,Briarcliffe College,USA,NY,
,Bridgewater College,USA,VA,
,Bridgewater State College,USA,MA,
,Brigham Young University,USA,UT,
,Brigham Young Universityƒ??Hawaii,USA,HI,
,Brigham Young Universityƒ??Idaho,USA,ID,
,Broward College,USA,FL,
,Brown University,USA,RI,
,Bryan College,USA,TN,
,Bryant College,USA,RI,
,Bryn Athyn College of the New Church,USA,PA,
,Bryn Mawr College,USA,PA,
,Bucknell University,USA,PA,
,Buena Vista University,USA,IA,
,Burlington College,USA,VT,
,Butler University,USA,IN,
,Cabarrus College of Health Sciences,USA,NC,
,Cabrini College,USA,PA,
,Caldwell College,USA,NJ,
,California Baptist University,USA,CA,
,California College of the Arts,USA,CA,
,California Institute of the Arts,USA,CA,
,California Institute of Integral Studies,USA,CA,
Ca. Inst. of Tech.,California Institute of Technology,USA,CA,Pasadena
,California Lutheran University,USA,CA,
,California Maritime Academy,USA,CA,
,California Pacific University,USA,CA,
Calif Polytechnic State U.,California Polytechnic State University San Luis Obispo,USA,CA,San Luis Obispo
,California State Polytechnic University Pomona,USA,CA
,California State Universityƒ??Bakersfield,USA,CA,
,California State Universityƒ??Channel Islands,USA,CA,
,California State Universityƒ??Chico,USA,CA,
,California State Universityƒ??Dominguez Hills,USA,CA,
,California State Universityƒ??East Bay,USA,CA,
,California State Universityƒ??Fresno,USA,CA,
,California State Universityƒ??Fullerton,USA,CA,
,California State Universityƒ??Long Beach,USA,CA,
,California State Universityƒ??Los Angeles,USA,CA,
,California State Universityƒ??Monterey Bay,USA,CA,
,California State Universityƒ??Northridge,USA,CA,
,California State Universityƒ??Sacramento,USA,CA,
,California State Universityƒ??San Bernardino,USA,CA,
San Jose State U.,California State Universityƒ??San Jose,USA,CA,San Jose
,California State Universityƒ??San Marcos,USA,CA,
,California State Universityƒ??Stanislaus,USA,CA,
,California State University System,USA,CA,
,California University of Pennsylvania,USA,PA,
,Calumet College of Saint Joseph,USA,IN,
,Calvary Bible College & Theological Seminary,USA,MO,
,Calvin College,USA,MI,
,Cambridge College,USA,MA,
,Cameron University,USA,OK,
,Campbell University,USA,NC,
,Campbellsville University,USA,KY,
,Canisius College,USA,NY,
,Capella University,USA,MN,
,Capital University,USA,OH,
,Capitol College,USA,MD,
,Cardinal Stritch University,USA,WI,
,Caribbean University,USA,PR,
,Carleton College,USA,MN,
,Carlos Albizu University,USA,PR,
,Carlos Albizu Universityƒ??Miami Campus,USA,FL,
,Carlow College,USA,PA,
CMU,Carnegie Mellon University,USA,PA,Pittsburgh
,Carroll College,USA,MT,
,Carroll University,USA,WI,
,Carson-Newman College,USA,TN,
,Carthage College,USA,WI,
,Case Western Reserve University,USA,OH,
,Castleton State College,USA,VT,
,Catawba College,USA,NC,
,Catholic Theological Union,USA,IL,
,The Catholic University of America,USA,DC,
,Cazenovia College,USA,NY,
,Cedar Crest College,USA,PA,
,Cedarville University,USA,OH,
,Centenary College,USA,NJ,
,Centenary College of Louisiana,USA,LA,
,Central Baptist College,USA,AR,
,Central Baptist Theological Seminary,USA,KS,
,Central Bible College,USA,MO,
,Central Christian College of Kansas,USA,KS,
,Central Christian College of the Bible,USA,MO,
,Central College,USA,IA,
,Central Connecticut State University,USA,CT,
,Central Methodist University,USA,MO,
,Central Michigan University,USA,MI,
,Central Pennsylvania College,USA,PA,
,Central State University,USA,OH,
,Central Washington University,USA,WA,
,Centre College,USA,KY,
,Centro de Estudios Avanzados de Puerto Rico y el Caribe,USA,PR,
,Chadron State College,USA,NE,
,Chamberlain College of Nursing,USA,MO,
,Chaminade University,USA,HI,
,Champlain College,USA,VT,
,Chancellor University,USA,OH,
,Chapman University,USA,CA,
,Charles R. Drew University of Medicine & Science,USA,CA,
,Charleston Southern University,USA,SC,
,Charter Oak State College,USA,CT,
,Chatham College,USA,PA,
,Chester College of New England,USA,NH,
,Chestnut Hill College,USA,PA,
,Cheyney University,USA,PA,
,The Chicago School of Professional Psychology,USA,IL,
,Chicago State University,USA,IL,
,Chicago Theological Seminary,USA,IL,
,Chipola College,USA,FL,
,Chowan College,USA,NC,
,Christ the King Seminary,USA,NY,
,Christendom College,USA,VA,
Christian Brothers U.,Christian Brothers University,USA,TN,Memphis
,Christian Theological Seminary,USA,IN,
,Christopher Newport University,USA,VA,
,Church Divinity School of the Pacific,USA,CA,
,Cincinnati Christian University,USA,OH,
,The Citadel,USA,SC,
,City University of Seattle,USA,WA,
,City University of New York,USA,NY,
,City University of New York Baruch College,USA,NY,
,City University of New York Brooklyn College,USA,NY,
,City University of New York City College,USA,NY,
,City University of New York College of Staten Island,USA,NY,
,City University of New York Graduate School & University Center,USA,NY,
,City University of New York Hunter College,USA,NY,
,City University of New York John Jay College of Criminal Justice,USA,NY,
,City University of New York Lehman College,USA,NY,
,City University of New York Medgar Evers College,USA,NY,
,City University of New York New York City College of Technology,USA,NY,
,City University of New York Queens College,USA,NY,
,City University of New York York College,USA,NY,
,Claflin University,USA,SC,
,Claremont Consortium of Colleges,USA,CA,
,Claremont Consortium of Colleges Claremont Graduate University,USA,CA,
,Claremont Consortium of Colleges Claremont McKenna College,USA,CA,
,Claremont Consortium of Colleges Harvey Mudd College,USA,CA,
,Claremont Consortium of Colleges Keck Graduate Institute of Applied Life Sciences,USA,CA,
,Claremont Consortium of Colleges Pitzer College,USA,CA,
,Claremont Consortium of Colleges Pomona College,USA,CA,
,Claremont Consortium of Colleges Scripps College,USA,CA,
,Clarion University of Pennsylvania,USA,PA,
,Clark University,USA,MA,
,Clark Atlanta University,USA,GA,
,Clarke University,USA,IA,
,Clarkson College,USA,NE,
,Clarkson University,USA,NY,
,Clayton State University,USA,GA,
,Clear Creek Baptist Bible College,USA,KY,
,Clearwater Christian College,USA,FL,
,Cleary University,USA,MI,
,Clemson University,USA,SC,
,Cleveland Chiropractic College,USA,KS,
,Cleveland Institute of Art,USA,OH,
,Cleveland Institute of Music,USA,OH,
,Cleveland State University,USA,OH,
,Coastal Carolina University,USA,SC,
,Coe College,USA,IA,
,Cogswell Polytechnical College,USA,CA,
,Coker College,USA,SC,
,Colby College,USA,ME,
,Colby-Sawyer College,USA,NH,
,Colgate University,USA,NY,
,College for Creative Studies,USA,MI,
,College for Financial Planning,USA,CO,
,College Misericordia,USA,PA,
,College of the Atlantic,USA,ME,
,College of Central Florida,USA,FL,
,College of Charleston,USA,SC,
,College of Coastal Georgia,USA,GA,
,College of the Holy Cross,USA,MA,
,The College of Idaho,USA,ID,
,College of Mount Saint Joseph,USA,OH,
,College of Mount Saint Vincent,USA,NY,
,The College of New Jersey,USA,NJ,
,College of New Rochelle,USA,NY,
,College of Notre Dame of Maryland,USA,MD,
,College of the Ozarks,USA,MO,
,College of Saint Benedict,USA,MN,
,College of Saint Catherine,USA,MN,
,College of Saint Elizabeth,USA,NJ,
,College of Saint Rose,USA,NY,
,College of Saint Joseph,USA,VT,
,College of Saint Mary,USA,NE,
,College of Saint Scholastica,USA,MN,
,College of Saint Thomas More,USA,TX,
,College of Visual Arts,USA,MN,
,College of William and Mary,USA,VA,
,The College of Wooster,USA,OH,
,Colorado Christian University,USA,CO,
,Colorado College,USA,CO,
,Colorado School of Mines,USA,CO,
,Colorado State University,USA,CO,
,Colorado State Universityƒ??Pueblo,USA,CO,
,Colorado Technical University,USA,CO,
,Columbia College Chicago,USA,IL,
,Columbia College,USA,MO,
,Columbia College,USA,SC,
,Columbia International University,USA,SC,
,Columbia Theological Seminary,USA,GA,
Columbia U.,Columbia University,USA,NY,New York
,Columbus College of Art & Design,USA,OH,
,Columbus State University,USA,GA,
,Conception Seminary College,USA,MO,
,Concord University,USA,WV,
,Concordia Collegeƒ??Ann Arbor,USA,MI,
,Concordia Collegeƒ??Bronxville,USA,NY,
,Concordia Collegeƒ??Moorhead,USA,MN,
,Concordia Collegeƒ??New York,USA,NY,
,Concordia Collegeƒ??Selma,USA,AL,
,Concordia Seminaryƒ??Saint Louis,USA,MO,
,Concordia Theological Seminary,USA,IN,
,Concordia Universityƒ??Chicago,USA,IL,
,Concordia Universityƒ??Irvine,USA,CA,
,Concordia Universityƒ??Nebraska,USA,NE,
,Concordia Universityƒ??Portland,USA,OR,
,Concordia Universityƒ??Saint Paul,USA,MN,
,Concordia Universityƒ??Texas,USA,TX,
,Concordia Universityƒ??Wisconsin,USA,WI,
,Connecticut College,USA,CT,
,Conservatorio de M?§sica de Puerto Rico,USA,PR,
,Converse College,USA,SC,
,The Cooper Union for the Advancement of Science & Art,USA,NY,
,Coppin State University,USA,MD,
,Corban College,USA,OR,
,Corcoran College of Art & Design,USA,DC,
,Cornell College,USA,IA,
Cornell U.,Cornell University,USA,NY,Ithaca
,Cornerstone University,USA,MI,
,Cornish College of the Arts,USA,WA,
,Covenant College,USA,GA,
,Covenant Theological Seminary,USA,MO,
,Cox College of Nursing & Health Sciences,USA,MO,
,Cranbrook Academy of Art,USA,MI,
,Creighton University,USA,NE,
,Crichton College,USA,TN,
,Criswell College,USA,TX,
,Crossroads College,USA,MN,
,Crowley's Ridge College,USA,AR,
,Crown College,USA,MN,
,Culinary Institute of America,USA,NY,
,Culver-Stockton College,USA,MO,
,Cumberland University,USA,TN,
,Curry College,USA,MA,
,Curtis Institute of Music,USA,PA,
,Hamilton College,USA,NY,
,Hamline University,USA,MN,
,Hampden-Sydney College,USA,VA,
,Hampshire College,USA,MA,
,Hampton University,USA,VA,
,Hannibal-Lagrange College,USA,MO,
,Hanover College,USA,IN,
,Hardin-Simmons University,USA,TX,
,Harding University,USA,AR,
,Harris-Stowe State University,USA,MO,
,Hartford Seminary,USA,CT,
,Hartwick College,USA,NY,
,Harvard University,USA,MA,
,Haskell Indian Nations University,USA,KS,
,Hastings College,USA,NE,
Haverford Col.,Haverford College in Pennsylvania,USA,PA,Haverford
,Hawaii Pacific University,USA,HI,
,Hazelden Graduate School of Addiction Studies,USA,MN,
,Hebrew College,USA,MA,
,Hebrew Theological College,USA,IL,
,Hebrew Union Collegeƒ??Jewish Institute of Religion,USA,NY,
,Heidelberg College,USA,OH,
,Henderson State University,USA,AR,
,Hendrix College,USA,AR,
,Heritage University,USA,WA,
,Herzing College,USA,WI,
,High Point University,USA,NC,
,Hilbert College,USA,NY,
,Hillsdale College,USA,MI,
,Hiram College,USA,OH,
,Hobart and William Smith Colleges,USA,NY,
,Hobe Sound Bible College,USA,FL,
,Hodges University,USA,FL,
,Hofstra University,USA,NY,
,Hollins University,USA,VA,
,Holy Apostles College & Seminary,USA,CT,
,Holy Cross College,USA,IN,
,Holy Family University,USA,PA,
,Holy Names University,USA,CA,
,Hood College,USA,MD,
,Hope College,USA,MI,
,Hope International University,USA,CA,
,Houghton College,USA,NY,
,Houston Baptist University,USA,TX,
,Howard Payne University,USA,TX,
,Howard University,USA,DC,
,Hult International Business School,USA,MA,
,Humboldt State University,USA,CA,
,Humphreys College,USA,CA,
,Huntingdon College,USA,AL,
,Huntington University,USA,IN,
,Husson University,USA,ME,
,Huston-Tillotson University,USA,TX,
,Kalamazoo College,USA,MI,
,Kansas City Art Institute,USA,MO,
,Kansas City University of Medicine & Biosciences,USA,MO,
,Kansas State University,USA,KS,
,Kansas State Universityƒ??Salina College of Technology & Aviation,USA,KS,
,Kansas Wesleyan University,USA,KS,
,Kaplan University,USA,IA,
,Kean University,USA,NJ,
,Keene State College,USA,NH,
,Keiser University,USA,FL,
,Kendall College,USA,IL,
,Kendall College of Art & Design of Ferris State University,USA,MI,
,Kennesaw State University,USA,GA,
,Kenrick-Glennon Seminary,USA,MO,
,Kent State University,USA,OH,
,Kent State Universityƒ??Ashtabula Campus,USA,OH,
,Kent State Universityƒ??East Liverpool Campus,USA,OH,
,Kent State Universityƒ??Geauga,USA,OH,
,Kent State Universityƒ??Salem Campus,USA,OH,
,Kent State Universityƒ??Stark,USA,OH,
,Kent State Universityƒ??Trumbull Campus,USA,OH,
,Kent State Universityƒ??Tuscarawas,USA,OH,
,Kentucky Christian University,USA,KY,
,Kentucky Mountain Bible College,USA,KY,
,Kentucky State University,USA,KY,
,Kentucky Wesleyan College,USA,KY,
,Kenyon College,USA,OH,
,Kettering University,USA,MI,
,Keuka College,USA,NY,
,Keystone College,USA,PA,
,King College,USA,TN,
,King's College,USA,PA,
,The King's College,USA,NY,
,Knowledge Systems Institute,USA,IL,
,Knox College,USA,IL,
,Kutztown University of Pennsylvania,USA,PA,
,Kuyper College,USA,MI,
,Macalester College,USA,MN,
,MacMurray College,USA,IL,
,Macon State College,USA,GA,
,Madonna University,USA,MI,
,Magnolia Bible College,USA,MS,
,Maharishi University of Management,USA,IA,
,Maine College of Art,USA,ME,
,Maine Maritime Academy,USA,ME,
,Malone College,USA,OH,
,Manchester College,USA,IN,
,Manhattan Christian College,USA,KS,
,Manhattan College,USA,NY,
,Manhattan School of Music,USA,NY,
,Manhattanville College,USA,NY,
,Mansfield University of Pennsylvania,USA,PA,
,Maranatha Baptist Bible College,USA,WI,
,Marian University,USA,IN,
,Marian University,USA,WI,
,Marietta College,USA,OH,
,Marine Corps University,USA,VA,
,Marist College,USA,NY,
,Marlboro College,USA,VT,
,Marquette University,USA,WI,
,Mars Hill College,USA,NC,
,Marshall University,USA,WV,
,Martin Luther College,USA,MN,
,Martin Methodist College,USA,TN,
,Martin University,USA,IN,
,Mary Baldwin College,USA,VA,
,Marygrove College,USA,MI,
,Maryland institute College of Art,USA,MD,
,Marylhurst University,USA,OR,
,Marymount College,USA,CA,
,Marymount Manhattan College,USA,NY,
,Marymount University,USA,VA,
,Maryville College,USA,TN,
,Maryville University of Saint Louis,USA,MO,
,Marywood University,USA,PA,
,Massachusetts College of Art,USA,MA,
,Massachusetts College of Liberal Arts,USA,MA,
,Massachuetts College of Pharmacy & Health Sciences,USA,MA,
,Massachusetts Institute of Technology,USA,MA,
,Massachusetts Maritime Academy,USA,MA,
,Massachusetts School of Law,USA,MA,
,Massachusetts School of Professional Psychology,USA,MA,
,The Master's College,USA,CA,
,The Master's Seminary,USA,CA,
,Maui College,USA,HI,
,Mayo Clinic College of Medicine,USA,MN,
,Mayo Clinic College of Medicineƒ??Graduate School,,,
,Mayo Clinic College of Medicineƒ??Medical School,,,
,Mayo Clinic College of Medicineƒ??School of Health Sciences,,,
,Mayville State University,USA,ND,
,McCormick Theological Seminary,USA,IL,
,McDaniel College,USA,MD,
,McKendree University,USA,IL,
,McMurry University,USA,TX,
,McNeese State University,USA,LA,
,McPherson College,USA,KS,
,Medaille College,USA,NY,
,Medcenter One College of Nursing,USA,ND,
,Medical College of Georgia,USA,GA,
,Medical College of Wisconsin,USA,WI,
,Medical University of South Carolina,USA,SC,
,Meharry Medical College,USA,TN,
,Memphis College of Art,USA,TN,
,Memphis Theological Seminary,USA,TN,
,Menlo College,USA,CA,
,Mercer University,USA,GA,
,Mercy College,USA,NY,
,Mercy College of Health Sciences,USA,IA,
,Mercyhurst College,USA,PA,
,Meredith College,USA,NC,
,Merrimack College,USA,MA,
,Mesa State College,USA,CO,
,Messiah College,USA,PA,
,Methodist University,USA,NC,
,Metropolitan College of New York,USA,NY,
Metropolitan State Col.,Metropolitan State College of Denver,USA,CO,Denver
,Metropolitan State University,USA,MN,
,Miami Dade College,USA,FL,
,Miami International University of Art & Design,USA,FL,
,Miami University of Ohio,USA,OH,
,Miami Universityƒ??Hamilton,USA,OH,
,Michigan School of Professional Psychology,USA,MI,
,Michigan State University,USA,MI,
,Michigan Technological University,USA,MI,
,Mid-America Baptist Theological Seminary,USA,TN,
,Mid-America Christian University,USA,OK,
,Mid-Atlantic Christian University,USA,NC,
,MidAmerica Nazarene University,USA,KS,
,Mid-Continent University,USA,KY,
,Middle Georgia College,USA,GA,
,Middle Tennessee School of Anesthesia,USA,TN,
,Middle Tennessee State University,USA,TN,
,Middlebury College,USA,VT,
,Midland Lutheran College,USA,NE,
,Midstate College,USA,IL,
,Midway College,USA,KY,
,Midwestern Baptist Theological Seminary,USA,MO,
,Midwestern University,USA,AZ,
,Midwestern State University,USA,TX,
,Miles College,USA,AL,
,Miller College,USA,MI,
,Millersville University of Pennsylvania,USA,PA,
,Milligan College,USA,TN,
,Millikin University,USA,IL,
,Mills College,USA,CA,
,Millsaps College,USA,MS,
,Milwaukee School of Engineering,USA,WI,
,Minnesota State Universityƒ??Mankato,USA,MN,
,Minnesota State Universityƒ??Moorhead,USA,MN,
,Minot State University,USA,ND,
,Minneapolis College of Art & Design,USA,MN,
,Mississippi College,USA,MS,
,Mississippi State University,USA,MS,
,Mississippi University for Women,USA,MS,
,Mississippi Valley State University,USA,MS,
,Missouri Baptist University,USA,MO,
,Missouri Southern State University,USA,MO,
,Missouri State University,USA,MO,
,Missouri University of Science & Technology,USA,MO,
,Missouri Valley College,USA,MO,
,Missouri Western State University,USA,MO,
,Mitchell College,USA,CT,
,Molloy College,USA,NY,
,Monmouth College,USA,IL,
,Monmouth University,USA,NJ,
,Monroe College,USA,NY,
,Montana State University,USA,MT,
,Montana State Universityƒ??Billings,USA,MT,
,Montana State Universityƒ??Northern,USA,MT,
,Montana Tech of The University of Montana,USA,MT,
,Montclair State University,USA,NJ,
,Monterey Institute of International Studies,USA,CA,
,Montreat College,USA,NC,
,Moody Bible Institute,USA,IL,
,Moore College of Art & Design,USA,PA,
,Moravian College,USA,PA,
,Morehead State University,USA,KY,
,Morehouse College,USA,GA,
,Morehouse School of Medicine,USA,GA,
,Morgan State University,USA,MD,
,Morningside College,USA,IA,
,Morris College,USA,SC,
,Mount Aloysius College,USA,PA,
,Mount Angel Seminary,USA,OR,
,Mount Holyoke College,USA,MA,
Mt. Hood Community Col.,Mt. Hood Community Col.,USA,OR,Gresham
,Mount Ida College,USA,MA,
,Mount Marty College,USA,SD,
,Mount Mary College,USA,WI,
,Mount Mercy University,USA,IA,
,Mount Olive College,USA,NC,
,Mount Saint Mary College,USA,NY,
,Mount Saint Mary's College,USA,CA,
,Mount Saint Mary's University,USA,MD,
,Mount Union College,USA,OH,
,Mount Vernon Nazarene University,USA,OH,
,Mountain State University,USA,WV,
,Muhlenberg College,USA,PA,
,Multnomah University,USA,OR,
,Murray State University,USA,KY,
,Muskingum University,USA,OH,
,Oak Hills Christian College,USA,MN,
,Oakland City University,USA,IN,
,Oakland University,USA,MI,
,Oakwood University,USA,AL,
Oberlin Col.,Oberlin College,USA,OH,Oberlin
,Oblate School of Theology,USA,TX,
,Occidental College,USA,CA,
,Oglala Lakota College,USA,SD,
,Oglethorpe University,USA,GA,
,Ohio Christian University,USA,OH,
,Ohio Dominican University,USA,OH,
,Ohio Northern University,USA,OH,
,Ohio State University,USA,OH,
,Ohio State Universityƒ??Lima,USA,OH,
,Ohio State Universityƒ??Mansfield,USA,OH,
,Ohio State Universityƒ??Marion,USA,OH,
,Ohio State Universityƒ??Newark,USA,OH,
,Ohio Wesleyan University,USA,OH,
,Ohio University,USA,OH,
,Ohio Universityƒ??Eastern Campus,,,
,Ohio Universityƒ??Lancaster,,,
,Ohio Universityƒ??Zanesville,USA,OH,
,Ohio Valley College,USA,WV,
,Oklahoma Baptist University,USA,OK,
,Oklahoma Christian University,USA,OK,
,Oklahoma City University,USA,OK,
,Oklahoma Panhandle State University,USA,OK,
,Oklahoma State University,USA,OK,
,Oklahoma State Universityƒ??Center for Health Sciences,USA,OK,
,Oklahoma State University System,USA,OK,
,Oklahoma State Universityƒ??Tulsa,USA,OK,
,Oklahoma Wesleyan University,USA,OK,
,Old Dominion University,USA,VA,
,Olivet College,USA,MI,
,Olivet Nazarene University,USA,IL,
,Oral Roberts University,USA,OK,
,Oregon Health & Science University,USA,OR,
,Oregon Institute of Technology,USA,OR,
,Oregon State University,USA,OR,
,Otis College of Art & Design,USA,CA,
,Ottawa University,USA,KS,
,Otterbein College,USA,OH,
,Ouachita Baptist University,USA,AR,
,Our Lady of Holy Cross College,USA,LA,
,Our Lady of the Lake College,USA,LA,
,Our Lady of the Lake University,USA,TX,
,Ozark Christian College,USA,MO,
,Queens University of Charlotte,USA,NC,
,Quincy University,USA,IL,
,Quinnipiac University,USA,CT,
,Radford University,USA,VA,
,Ramapo College,USA,NJ,
,Randolph-Macon College,USA,VA,
,Randolph College,USA,VA,
,Rasmussen College,USA,MN,
,Reed College,USA,OR,
,Regent University,USA,VA,
,Regis College,USA,MA,
,Regis University,USA,CO,
,Reinhardt University,USA,GA,
,Rensselaer Polytechnic Institute,USA,NY,
,Research College of Nursing,USA,MO,
,Rhode Island College,USA,RI,
,Rhode Island School of Design,USA,RI,
,Rhodes College,USA,TN,
Rice U.,Rice University,USA,TX,Houston
,Richard Stockton College of New Jersey,USA,NJ,
,Richmont Graduate University,USA,GA,
,Rider University,USA,NJ,
,Ringling College of Art & Design,USA,FL,
,Ripon College,USA,WI,
,Rivier College,USA,NH,
,Roanoke College,USA,VA,
,Robert Morris College,USA,IL,
,Robert Morris College,USA,PA,
,Roberts Wesleyan College,USA,NY,
,Rochester College,USA,MI,
,Rochester Institute of Technology,USA,NY,
,The Rockefeller University,USA,NY,
,Rockford College,USA,IL,
,Rockhurst University,USA,MO,
,Rocky Mountain College,USA,MT,
,Rocky Mountain College of Art & Design,USA,CO,
,Roger Williams University,USA,RI,
,Rogers State University,USA,OK,
,Rollins College,USA,FL,
,Roosevelt University,USA,IL,
,Rosalind Franklin University of Medicine & Science,USA,IL,
,Rose-Hulman Institute of Technology,USA,IN,
,Rosemont College,USA,PA,
,Rowan University,USA,NJ,
,Rush University,USA,IL,
,Rust College,USA,MS,
,Rutgers Universityƒ??Camden,USA,NJ,
,Rutgers Universityƒ??New Brunswick,USA,NJ,
,Rutgers Universityƒ??Newark,USA,NJ,
,Tabor College,USA,KS,
,Tai Sophia Institute,USA,MD,
,Talladega College,USA,AL,
,Tarleton State University,USA,TX,
,Taylor University,USA,IN,
,TCM International Institute,USA,IN,
,Teachers College Columbia University,USA,NY
,Temple University,USA,PA,
,Tennessee State University,USA,TN,
,Tennessee Technological University,USA,TN,
,Tennessee Temple University,USA,TN,
,Tennessee Wesleyan College,USA,TN,
,Texas A&M International University,USA,TX,
,Texas A&M University,USA,TX,
,Texas A&M Universityƒ??Commerce,USA,TX,
,Texas A&M Universityƒ??Corpus Christi,USA,TX,
,Texas A&M Universityƒ??Galveston,USA,TX,
,Texas A&M University Health Science Center,USA,TX,
,Texas A&M Universityƒ??Kingsville,USA,TX,
,Texas A&M Universityƒ??Texarkana,USA,TX,
,Texas Chiropractic College,USA,TX,
,Texas Christian University,USA,TX,
,Texas College,USA,TX,
,Texas Lutheran University,USA,TX,
,Texas Southern University,USA,TX,
,Texas State Universityƒ??San Marcos,USA,TX,
,Texas Tech University,USA,TX,
,Texas Tech University Health Sciences Center,USA,TX,
,Texas Wesleyan University,USA,TX,
,Texas Woman's University,USA,TX,
,Thiel College,USA,PA,
,Thomas Aquinas College,USA,CA,
,Thomas University,USA,GA,
,Thomas College,USA,ME,
,Thomas Edison State College,USA,NJ,
,Thomas Jefferson University,USA,PA,
,Thomas M. Cooley Law School,USA,MI,
,Thomas More College,USA,KY,
,The Thomas More College of Liberal Arts,USA,NH,
,Thunderbird School of Global Management,USA,AZ,
,Tiffin University,USA,OH,
,Toccoa Falls College,USA,GA,
,Tougaloo College,USA,MS,
,Touro College,USA,NY,
,Towson University,USA,MD,
,Transylvania University,USA,KY,
,Trevecca Nazarene University,USA,TN,
,Trine University,USA,IN,
,Trinity Bible College,USA,ND,
,Trinity Christian College,USA,IL,
,Trinity College,USA,CT,
,Trinity College of Nursing & Health Sciences,USA,IL,
,Trinity University,USA,DC,
,Trinity College of Florida,USA,FL,
,Trinity International University,USA,IL,
,Trinity Lutheran College,USA,WA,
,Trinity University,USA,TX,
,Troy University,USA,AL,
,Truett-McConnell College,USA,GA,
,Truman State University,USA,MO,
Tufts U.,Tufts University,USA,MA,Belmont
,TUI University,USA,CA,
,Tulane University,USA,LA,
,Tusculum College,USA,TN,
,Tuskegee University,USA,AL,
,Unification Theological Seminary,USA,NY,
,Uniformed Services University of the Health Sciences,USA,MD,
,Union College,USA,KY,
,Union College,USA,NE,
,Union College,USA,NY,
,Union Institute & University,USA,OH,
,Union Theological Seminary,USA,NY,
,Union University,USA,TN,
,United States Air Force Academy,USA,CO,
,United States Army Command & General Staff College,USA,KS,
,United States Army War College,USA,PA,
,United States Coast Guard Academy,USA,CT,
,United States Marine Corps University,USA,VA,
,United States Merchant Marine Academy,USA,NY,
,United States Military Academy,USA,NY,
US Naval Academy,United States Naval Academy,USA,MD,Annapolis
,United States Naval War College,USA,RI,
,United States Sports Academy,USA,AL,
,United Theological Seminary of the Twin Cities,USA,MN,
,Unity College,USA,ME,
,Universidad Central de Bayam??n,USA,PR,
,Universidad Central del Caribe,USA,PR,
,Universidad del Sagrado Coraz??n,USA,PR,
,Universidad Interamericana de Puerto Rico,USA,PR,
,Universidad Interamericana de Puerto Rico Aguadilla Campus,USA,PR,
,Universidad Interamericana de Puerto Rico Arecibo Campus,USA,PR,
,Universidad Interamericana de Puerto Rico Barranquitas Campus,USA,PR,
,Universidad Interamericana de Puerto Rico Bayam??n Campus,USA,PR,
,Universidad Interamericana de Puerto Rico Fajardo Campus,USA,PR,
,Universidad Interamericana de Puerto Rico Guayama Campus,USA,PR,
,Universidad Interamericana de Puerto Rico Metropolitan Campus,USA,PR,
,Universidad Interamericana de Puerto Rico Ponce Campus,USA,PR,
,Universidad Interamericana de Puerto Rico San Germ?­n Campus,USA,PR,
,Universidad Interamericana de Puerto Rico School of Law,USA,PR,
,Universidad Interamericana de Puerto Rico School of Optometry,USA,PR,
,University System of Maryland,USA,MD,
,Upper Iowa University,USA,IA,
,Urbana University,USA,OH,
,Ursinus College,USA,PA,
,Ursuline College,USA,OH,
,Utah State University,USA,UT,
,Utah Valley University,USA,UT,
,Utica College of Syracuse University,USA,NY,
,University of Advancing Technology,USA,AZ,
,University of Akron,USA,OH,
,University of Alabama,USA,AL,
,University of Alabamaƒ??Birmingham,USA,AL,
,University of Alabamaƒ??Huntsville,USA,AL,
U. Of Alaska; Fairbanks,University of Alaska System,USA,AK,Fairbanks
,University of Alaska System Anchorage,USA,AK,
,University of Alaska System Fairbanks,USA,AK,
,University of Alaska System Southeast,USA,AK,
,University of Arizona,USA,AZ,
,University of Arkansas,USA,AR,
,University of Arkansasƒ??Fort Smith,USA,AR,
,University of Arkansasƒ??Little Rock,USA,AR,
,University of Arkansas for Medical Sciences,USA,AR,
,University of Arkansasƒ??Monticello,USA,AR,
,University of Arkansasƒ??Pine Bluff,USA,AR,
,University of Arkansas System,USA,AR,
,University of Baltimore,USA,MD,
,University of Bridgeport,USA,CT,
UCB,University of Californiaƒ??Berkeley,USA,CA,Berkeley
UC-Davis,University of Californiaƒ??Davis,USA,CA,Davis
,University of California Hastings College of the Law,USA,CA,
,University of Californiaƒ??Irvine,USA,CA,
UCLA,University of Californiaƒ??Los Angeles,USA,CA,Los Angeles
,University of Californiaƒ??Merced,USA,CA,
,University of Californiaƒ??Riverside,USA,CA,
,University of Californiaƒ??San Diego,USA,CA,
,University of Californiaƒ??San Francisco,USA,CA,
,University of Californiaƒ??Santa Barbara,USA,CA,
,University of Californiaƒ??Santa Cruz,USA,CA,
,University of California System,USA,CA,
,University of Central Arkansas,USA,AR,
,University of Central Florida,USA,FL,
,University of Central Missouri,USA,MO,
,University of Central Oklahoma,USA,OK,
,University of Charleston,USA,WV,
,University of Chicago,USA,IL,
,University of Cincinnati,USA,OH,
,University of Coloradoƒ??Boulder,USA,CO,
,University of Coloradoƒ??Colorado Springs,USA,CO,
,University of Coloradoƒ??Denver,USA,CO,
,University of Colorado System,USA,CO,
,University of Connecticut,USA,CT,
,University of Dallas,USA,TX,
,University of Dayton,USA,OH,
,University of Delaware,USA,DE,
,University of Denver,USA,CO,
,University of the District of Columbia,USA,DC,
,University of Detroit Mercy,USA,MI,
,University of Dubuque,USA,IA,
,University of Evansville,USA,IN,
,The University of Findlay,USA,OH,
,University of Florida,USA,FL,
,University of Georgia,USA,GA,
,University of Great Falls,USA,MT,
,University of Guam,USA,GU,
,University of Hartford,USA,CT,
,University of Hawaiiƒ??Hilo,,,
,University of Hawaiiƒ??Manoa,,,
,University of Hawaii System,USA,HI,
,University of Hawaiiƒ??West O'ahu,,,
,University of Houston,USA,TX,
,University of Houstonƒ??Clear Lake,USA,TX,
,University of Houstonƒ??Downtown,USA,TX,
,University of Houstonƒ??Victoria,USA,TX,
,University of Idaho,USA,ID,
,University of Illinoisƒ??Chicago,USA,IL,
,University of Illinoisƒ??Springfield,USA,IL,
,University of Illinois System,USA,IL,
U. of Illinois at Urba,University of Illinoisƒ??Urbana-Champaign,USA,IL,Urbana
,University of Indianapolis,USA,IN,
U. Of Iowa,University of Iowa,USA,IA,Iowa City
,University of Kansas,USA,KS,
,University of Kansas Medical Center,USA,KS,
,University of Kentucky,USA,KY,
,University of La Verne,USA,CA,
,University of Louisianaƒ??Monroe,USA,LA,
,University of Louisianaƒ??Lafayette,USA,LA,
,University of Louisville,USA,KY,
,University of Maine,USA,ME,
,University of Maineƒ??Augusta,USA,ME,
,University of Maineƒ??Farmington,USA,ME,
,University of Maineƒ??Fort Kent,USA,ME,
,University of Maineƒ??Machias,USA,ME,
,University of Maineƒ??Presque Isle,USA,ME,
,University of Maine School of Law,USA,ME,
,University of Maine System,USA,ME,
,University of Mary,USA,ND,
,University of Mary Hardin-Baylor,USA,TX,
,University of Mary Washington,USA,VA,
,University of Marylandƒ??Baltimore,,,
,University of Marylandƒ??Baltimore County,,,
U. of Maryland Col.,University of Marylandƒ??College Park,USA,MD,College Park
,University of Marylandƒ??Eastern Shore,,,
,University of Marylandƒ??University College,,,
,University of Massachusettsƒ??Amherst,USA,MA,
,University of Massachusettsƒ??Boston,USA,MA,
,University of Massachusettsƒ??Dartmouth,USA,MA,
,University of Massachusettsƒ??Lowell,USA,MA,
,University of Massachusetts Medical School at Worcester,USA,MA,
,University of Massachusetts System,USA,MA,
,University of Medicine & Dentistry of New Jersey,USA,NJ,
,University of Memphis,USA,TN,
,University of Miami,USA,FL,
U. of Michigan; Ann Ar,University of Michigan,USA,MI,Ann Arbor
U. of Michigan; Dearbo,University of Michigan,USA,MI,Dearborn
,University of Michiganƒ??Dearborn,USA,MI,
,University of Michiganƒ??Flint,USA,MI,
,University of Minnesotaƒ??Crookston,USA,MN,
,University of Minnesotaƒ??Duluth,USA,MN,
,University of Minnesotaƒ??Morris,USA,MN,
,University of Minnesotaƒ??Twin Cities,USA,MN,
,University of Mississippi,USA,MS,
,University of Mississippi Medical Center,USA,MS,
U. Of Missouri; Rolla,University of Missouri,USA,MO,Rolla
,University of Missouriƒ??Kansas City,USA,MO,
,University of Missouriƒ??Saint Louis,USA,MO,
,University of Missouri System,USA,MO,
,University of Mobile,USA,AL,
,University of Montanaƒ??Missoula,USA,MT,
,University of Montanaƒ??Western,USA,MT,
,University of Montevallo,USA,AL,
,University of Nebraskaƒ??Kearney,USA,NE,
,University of Nebraskaƒ??Lincoln,USA,NE,
,University of Nebraska Medical Center,USA,NE,
,University of Nebraskaƒ??Omaha,USA,NE,
,University of Nebraska System,USA,NE,
,University of Nevadaƒ??Las Vegas,USA,NV,
U. of Nevada; Reno,University of Nevada at Reno,USA,NV,Reno
,University of New England,USA,ME,
,University of New Hampshire,USA,NH,
,University of New Hampshire at Manchester,USA,NH,
,University of New Hampshire School of Law,USA,NH,
,University of New Haven,USA,CT,
,University of New Mexico,USA,NM,
,University of New Orleans,USA,LA,
,University of North Alabama,USA,AL,
,University of North Carolinaƒ??Asheville,USA,NC,
,University of North Carolinaƒ??Chapel Hill,USA,NC,
,University of North Carolinaƒ??Charlotte,USA,NC,
,University of North Carolinaƒ??Greensboro,USA,NC,
,University of North Carolinaƒ??Pembroke,USA,NC,
,University of North Carolinaƒ??School of the Arts,USA,NC,
,University of North Carolinaƒ??Wilmington,USA,NC,
,University of North Dakota,USA,ND,
,University of North Florida,USA,FL,
,University of North Texas,USA,TX,
,University of North Texas Health Science Center,USA,TX,
,University of Northern California,USA,CA,
,University of Northern Colorado,USA,CO,
,University of Northern Iowa,USA,IA,
,University of Northwestern Ohio,USA,OH,
U. of Notre Dame,University of Notre Dame,USA,IN,Notre Dame
,University of Oklahoma,USA,OK,
,University of Oklahoma Health Sciences Center,USA,OK,
,University of Oregon,USA,OR,
,University of the Ozarks,USA,AR,
,Valdosta State University,USA,GA,
,Valley City State University,USA,ND,
,Valley Forge Christian College,USA,PA,
,Valparaiso University,USA,IN,
Vanderbilt U.,Vanderbilt University,USA,TN,Nashville
,VanderCook College of Music,USA,IL,
,Vanguard University of Southern California,USA,CA,
,Vassar College,USA,NY,
,Vaughn College of Aeronautics & Technology,USA,NY,
,Vermont Law School,USA,VT,
,Vermont Technical College,USA,VT,
,Villanova University,USA,PA,
,Vincennes University,USA,IN,
,Virginia Commonwealth University,USA,VA,
,Virginia Intermont College,USA,VA,
,Virginia Military Institute,USA,VA,
Virginia Polytech Inst & State,Virginia Polytechnic Institute and State University,USA,VA,Blacksburg
,Virginia State University,USA,VA,
,Virginia Union University,USA,VA,
,Virginia Wesleyan College,USA,VA,
,Viterbo University,USA,WI,
,Voorhees College,USA,SC,
,Wabash College,USA,IN,
,Wagner College,USA,NY,
Wake Forest U.,Wake Forest University,USA,NC,Winston-Salem
,Walden University,USA,MN,
,Waldorf College,USA,IA,
Walla Walla Col.,Walla Walla University,USA,WA,COLLEGE PLACE
,Walsh College,USA,MI,
,Walsh University,USA,OH,
,Warner Pacific College,USA,OR,
,Warner University,USA,FL,
,Warren Wilson College,USA,NC,
,Wartburg College,USA,IA,
,Wartburg Theological Seminary,USA,IA,
,Washburn University,USA,KS,
,Washington Bible College/Capital Bible Seminary,USA,MD,
,Washington & Jefferson College,USA,PA,
,Washington & Lee University,USA,VA,
,Washington Adventist University,USA,MD,
,Washington Bible College,USA,MD,
,Washington College,USA,MD,
,Washington State University,USA,WA,
,Washington State Universityƒ??Spokane,USA,WA,
,Washington State Universityƒ??Tri-Cities,USA,WA,
,Washington State Universityƒ??Vancouver,USA,WA,
,Washington Theological Union,USA,DC,
,Washington University in Saint Louis,USA,MO,
,Watkins College of Art Design & Film,USA,TN,
,Wayland Baptist University,USA,TX,
,Wayne State College,USA,NE,
,Wayne State University,USA,MI,
,Waynesburg College,USA,PA,
,Webb Institute,USA,NY,
,Webber International University,USA,FL,
,Weber State University,USA,UT,
,Webster University,USA,MO,
,Wellesley College,USA,MA,
,Wells College,USA,NY,
,Wentworth Institute of Technology,USA,MA,
,Wesley College,USA,DE,
,Wesley Theological Seminary,USA,DC,
,Wesleyan College,USA,GA,
,Wesleyan University,USA,CT,
,West Chester University of Pennsylvania,USA,PA,
,West Liberty State College,USA,WV,
,West Suburban College of Nursing,USA,IL,
,West Texas A&M University,USA,TX,
,West Virginia State University,USA,WV,
,West Virginia University,USA,WV,
,West Virginia University Institute of Technology,USA,WV,
,West Virginia University at Parkersburg,USA,WV,
,West Virginia Wesleyan College,USA,WV,
,Western Carolina University,USA,NC,
,Western Connecticut State University,USA,CT,
,Western Governors University,USA,UT,
,Western Illinois University,USA,IL,
,Western International University,USA,AZ,
,Western Kentucky University,USA,KY,
,Western Michigan University,USA,MI,
,Western New England College,USA,MA,
,Western New Mexico University,USA,NM,
,Western Oregon University,USA,OR,
,Western Seminary,USA,OR,
,Western State College of Colorado,USA,CO,
,Western State University College of Law,USA,CA,
,Western States Chiropractic College,USA,OR,
,Western University of Health Sciences,USA,CA,
,Western Washington University,USA,WA,
,Westfield State College,USA,MA,
,Westminster College,USA,PA,
,Westminster College,USA,MO,
,Westminster College,USA,UT,
,Westminster Theological Seminary,USA,PA,
,Westminster Seminary California,USA,CA,
,Westmont College,USA,CA,
,Wheaton College,USA,IL,
,Wheaton College,USA,MA,
,Wheeling Jesuit University,USA,WV,
,Wheelock College,USA,MA,
,Whitman College,USA,WA,
,Whittier College,USA,CA,
,Whitworth University,USA,WA,
,Wichita State University,USA,KS,
,Widener University,USA,PA,
,Wilberforce University,USA,OH,
,Wiley College,USA,TX,
,Wilkes University,USA,PA,
,Willamette University,USA,OR,
,William Carey College,USA,MS,
,William Howard Taft University,USA,CA,
,William Jessup University,USA,CA,
,William Jewell College,USA,MO,
,William Penn University,USA,IA,
,William Paterson University,USA,NJ,
,William Woods University,USA,MO,
,Williams Baptist College,USA,AR,
,Williams College,USA,MA,
,Wilmington University,USA,DE,
,Wilmington College,USA,OH,
,Wilson College,USA,PA,
,Wingate University,USA,NC,
,Winona State University,USA,MN,
,Winston-Salem State University,USA,NC,
,Winthrop University,USA,SC,
,Wisconsin Lutheran College,USA,WI,
,Wisconsin School of Professional Psychology,USA,WI,
,Wittenberg University,USA,OH,
,Wofford College,USA,SC,
,Woodbury University,USA,CA,
,Worcester Polytechnic Institute,USA,MA,
,Worcester State College,USA,MA,
,The Wright Institute,USA,CA,
,Wright State University,USA,OH,
